<?xml version="1.0" encoding="UTF-8"?>
<project-private xmlns="http://www.netbeans.org/ns/project-private/1">
    <editor-bookmarks xmlns="http://www.netbeans.org/ns/editor-bookmarks/2" lastBookmarkId="0"/>
    <open-files xmlns="http://www.netbeans.org/ns/projectui-open-files/2">
        <group>
            <file>file:/C:/Users/muic/Desktop/14-5-2019/Java5/src/w4_2_Members.java</file>
            <file>file:/C:/Users/muic/Desktop/14-5-2019/Java5/src/Test.java</file>
            <file>file:/C:/Users/muic/Desktop/14-5-2019/Java5/src/w4_3_Inheritance.java</file>
            <file>file:/C:/Users/muic/Desktop/14-5-2019/Java5/src/w4_1_CreateObject.java</file>
            <file>file:/C:/Users/muic/Desktop/14-5-2019/Java5/src/Exercise4.java</file>
        </group>
    </open-files>
</project-private>
